Average BERT Precision,Average BERT Recall,Average BERT F1,Average Cosine Similarity,Average Fuzzy Score
0.8323858380317688,0.8883538842201233,0.8592196106910706,0.4849445,83.82878228782288

